1,192.168.1.1,/index.php,200,443,07:30:28 PM
2,192.168.1.2,/index.php,200,443,07:31:11 PM
3,192.168.1.2,/login.php,200,443,07:31:49 PM
4,192.168.1.2,/dashboard.php,200,443,07:32:01 PM
5,192.168.1.2,/logout.php,200,443,07:32:09 PM
6,192.168.1.3,/signup.php,200,443,07:32:30 PM
7,192.168.1.3,/home.php,200,443,07:33:07 PM
8,192.168.1.106,/adduser.php,200,443,07:36:27 PM
9,192.168.1.107,/admin.php,200,443,07:36:36 PM
10,192.168.1.107,/admin.php,200,443,07:17:53 PM
11,192.168.1.107,/services.php,404,443,07:37:59 PM
12,192.168.1.106,/list.php,200,443,07:39:12 PM
13,192.168.1.106,/all.php,404,443,07:40:00 PM